city,week_start_date,total_cases,xgb_predicted,sarima_predicted,ensemble_predicted,xgb_error,sarima_error,ensemble_error,test_ensemble,optimized_ensemble,xgb_residuals,sarima_residuals,optimized_residuals
sj,2004-09-16,13,21.032997,12.085425320018798,19.767341283523862,8.032997000000002,-0.914574679981202,6.243482664003764,18.365874881963833,20.052120470110616,8.032997000000002,-0.914574679981202,7.052120470110616
sj,2004-09-23,27,21.277777,12.019784406298694,19.96821149235196,-5.722223,-14.980215593701306,-7.57382151874026,18.518123576879546,20.2628706126761,-5.722223,-14.980215593701306,-6.7371293873239
sj,2004-09-30,13,28.639456,15.301167710220714,26.75272276938101,15.639456,2.3011677102207138,12.971798342044146,24.663534377152732,27.17724766009761,15.639456,2.3011677102207138,14.17724766009761
sj,2004-10-07,18,18.356043,15.913032771406392,18.010473277642024,0.35604299999999967,-2.0869672285936076,-0.1325590457187218,17.62782233317386,18.088228280966398,0.35604299999999967,-2.0869672285936076,0.08822828096639768
sj,2004-10-14,16,21.757849,15.091034181915022,20.81481187361681,5.757849,-0.9089658180849778,4.424486036383005,19.770582522107635,21.027000182235394,5.757849,-0.9089658180849778,5.027000182235394
sj,2004-10-21,16,17.531876,16.64769734595722,17.406806784809564,1.5318760000000005,0.6476973459572193,1.355040269191445,17.268317067047377,17.434948015402778,1.5318760000000005,0.6476973459572193,1.434948015402778
sj,2004-10-28,20,20.021387,18.10033214904897,19.749649131812784,0.02138700000000071,-1.8996678509510296,-0.36282397019020607,19.448752539368005,19.810791579999748,0.02138700000000071,-1.8996678509510296,-0.18920842000025218
sj,2004-11-04,17,19.200575,17.15270091848028,18.910898244048692,2.2005750000000006,0.15270091848028144,1.791000183696056,18.590137838597375,18.97607703624234,2.2005750000000006,0.15270091848028144,1.9760770362423408
sj,2004-11-11,4,21.063354,16.547801652007006,20.42461816790029,17.063354,12.547801652007006,16.160243530401402,19.717343040464712,20.568337086355946,17.063354,12.547801652007006,16.568337086355946
sj,2004-11-18,15,12.399057,16.875091303826046,13.032202908901246,-2.600942999999999,1.8750913038260464,-1.705736139234789,13.733288288644804,12.889741752537459,-2.600942999999999,1.8750913038260464,-2.110258247462541
sj,2004-11-25,8,15.774751,15.355733350625902,15.715479937168364,7.774751,7.355733350625902,7.690947470125181,15.649848816428388,15.728816237744892,7.774751,7.355733350625902,7.728816237744892
sj,2004-12-02,6,9.380989,15.091195696369283,10.188711587312683,3.3809889999999996,9.091195696369283,4.523030339273856,11.083106526760819,10.006969760994318,3.3809889999999996,9.091195696369283,4.006969760994318
sj,2004-12-09,12,10.800631,13.654509029554246,11.20431896936406,-1.1993690000000008,1.6545090295542462,-0.628593394089151,11.65132451630135,11.113487055081372,-1.1993690000000008,1.6545090295542462,-0.8865129449186284
sj,2004-12-16,15,10.534719,9.914316065297948,10.446961500098544,-4.465280999999999,-5.085683934702052,-4.589361586940409,10.34978721644799,10.466707398697576,-4.465280999999999,-5.085683934702052,-4.533292601302424
sj,2004-12-23,11,13.43071,10.067264814298085,12.954942520443275,2.4307099999999995,-0.9327351857019153,1.758020962859618,12.428123000036821,13.061992703260623,2.4307099999999995,-0.9327351857019153,2.061992703260623
sj,2005-01-01,10,14.272077,11.011810170272529,13.810904349155052,4.2720769999999995,1.011810170272529,3.6200236340545064,13.30024574977144,13.91467061882382,4.2720769999999995,1.011810170272529,3.91467061882382
sj,2005-01-08,15,13.118843,9.843242930724955,12.655501425230263,-1.881157,-5.156757069275045,-2.5362770138550097,12.142441166399642,12.759755714178704,-1.881157,-5.156757069275045,-2.240244285821296
sj,2005-01-15,17,14.552857,10.103964713647784,13.923550395303415,-2.4471430000000005,-6.896035286352216,-3.336921457270442,13.226716294780703,14.065147688047555,-2.4471430000000005,-6.896035286352216,-2.9348523119524454
sj,2005-01-22,7,14.147183,9.889715333301213,13.544953872053972,7.147183,2.889715333301213,6.295689466660244,12.878102786193875,13.680458590250813,7.147183,2.889715333301213,6.680458590250813
sj,2005-01-29,7,14.684991,9.630279583399597,13.969989809914988,7.684991,2.630279583399597,6.67404871667992,13.178265700479049,14.130868834653157,7.684991,2.630279583399597,7.130868834653157
sj,2005-02-05,8,10.906097,7.603818010845039,10.438981627303505,2.906097000000001,-0.39618198915496095,2.2456412021690095,9.921742624655135,10.544085040614863,2.906097000000001,-0.39618198915496095,2.5440850406148634
sj,2005-02-12,9,7.128741,6.77761724611287,7.079073693361698,-1.8712590000000002,-2.22238275388713,-1.9414837507774259,7.024076856067461,7.090249098331851,-1.8712590000000002,-2.22238275388713,-1.9097509016681489
sj,2005-02-19,12,8.543946,5.9980684169619956,8.18382544085101,-3.456054,-6.0019315830380044,-3.9652295166076,7.785062287816385,8.264854458910637,-3.456054,-6.0019315830380044,-3.735145541089363
sj,2005-02-26,12,9.597795,5.785724556026382,9.058568389519795,-2.4022050000000004,-6.214275443973618,-3.1646190887947228,8.461480281294628,9.179897210240512,-2.4022050000000004,-6.214275443973618,-2.8201027897594884
sj,2005-03-05,5,8.6723585,5.509915034342739,8.225023201273437,3.6723584999999996,0.5099150343427388,3.0398698068685484,7.729686765593604,8.325675994007293,3.6723584999999996,0.5099150343427388,3.325675994007293
sj,2005-03-12,4,4.7075224,4.2958242872906,4.649286703383129,0.7075224000000002,0.29582428729059984,0.6251827774581207,4.58480204841928,4.662390041121009,0.7075224000000002,0.29582428729059984,0.6623900411210091
sj,2005-03-19,11,4.4119625,3.307250871366448,4.255698360650779,-6.5880375,-7.692749128633552,-6.808979825726711,4.082666359755333,4.290858613093244,-6.5880375,-7.692749128633552,-6.709141386906756
sj,2005-03-26,4,5.582335,3.8877015080886745,5.342624982234152,1.5823349999999996,-0.11229849191132546,1.243408301617734,5.077192976007737,5.396560995786176,1.5823349999999996,-0.11229849191132546,1.3965609957861762
sj,2005-04-02,5,3.9413142,2.7348254525287174,3.7706534403306935,-1.0586858000000001,-2.2651745474712826,-1.2999835494942564,3.581679995477017,3.8090530079921243,-1.0586858000000001,-2.2651745474712826,-1.1909469920078757
sj,2005-04-09,7,4.878216,2.331113313974788,4.51792214706198,-2.121784,-4.668886686025212,-2.6312045372050425,4.118967105016972,4.59899015713471,-2.121784,-4.668886686025212,-2.4010098428652897
sj,2005-04-16,1,6.6269326,2.785385654735364,6.083536466916899,5.6269326,1.785385654735364,4.858623210947073,5.481831427118297,6.205803452131998,5.6269326,1.785385654735364,5.205803452131998
sj,2005-04-23,1,5.605238,2.170205942863038,5.11934438384477,4.605238,1.170205942863038,3.918231588572608,4.581312145765042,5.228673000604501,4.605238,1.170205942863038,4.228673000604501
sj,2005-04-30,4,2.7968516,2.6631394842645673,2.7779376969103717,-1.2031484,-1.3368605157354327,-1.2298908231470862,2.7569942449451887,2.782193424488517,-1.2031484,-1.3368605157354327,-1.2178065755114829
sj,2005-05-07,2,6.4330974,2.7675233370676304,5.914593057945177,4.4330974,0.7675233370676304,3.699982587413527,5.3404508129466555,6.03125925938516,4.4330974,0.7675233370676304,4.03125925938516
sj,2005-05-14,6,5.2509165,2.1739387558218874,4.815670534873843,-0.7490835000000002,-3.8260612441781126,-1.364479048835622,4.333720673945471,4.913603164024284,-0.7490835000000002,-3.8260612441781126,-1.086396835975716
sj,2005-05-21,3,6.262652,1.7232783857713592,5.620546592012757,3.262652,-1.2767216142286408,2.3547772771542723,4.909540317684378,5.765023682748522,3.262652,-1.2767216142286408,2.765023682748522
sj,2005-05-28,4,5.745817,3.091759610424467,5.3703941448260615,1.7458169999999997,-0.9082403895755329,1.2150055220848932,4.954686688955752,5.454866259897116,1.7458169999999997,-0.9082403895755329,1.4548662598971163
sj,2005-06-04,10,5.5661216,3.4391586814514747,5.265257536220924,-4.4338784,-6.560841318548525,-4.859270983709704,4.932109373308853,5.332953531459457,-4.4338784,-6.560841318548525,-4.667046468540543
sj,2005-06-11,12,8.185587,2.8941823251897585,7.437104974441506,-3.814413,-9.105817674810242,-4.872693934962047,6.608307381749877,7.6055173630860375,-3.814413,-9.105817674810242,-4.3944826369139625
sj,2005-06-18,21,12.308562,3.61264255735197,11.078503102877356,-8.691438,-17.38735744264803,-10.430621888529606,9.716453223264722,11.35527281806632,-8.691438,-17.38735744264803,-9.64472718193368
sj,2005-06-25,26,14.380646,4.084776579881574,12.924270297884123,-11.619354,-21.915223420118426,-13.678527884023683,11.311618778206595,13.251962483376724,-11.619354,-21.915223420118426,-12.748037516623276
sj,2005-07-02,21,26.916107,4.15865545754172,23.697010281101004,5.916107,-16.84134454245828,1.3646166915083455,20.132489664491345,24.421323957575773,5.916107,-16.84134454245828,3.4213239575757726
sj,2005-07-09,30,21.905853,4.838273835424286,19.491602529742835,-8.094147,-25.161726164575715,-11.507662832915145,16.81829186952926,20.034821571213882,-8.094147,-25.161726164575715,-9.965178428786118
sj,2005-07-16,45,30.687939,4.25305295896523,26.948660251656822,-14.312061,-40.74694704103477,-19.599038208206952,22.80813967907883,27.79001761804958,-14.312061,-40.74694704103477,-17.20998238195042
sj,2005-07-23,56,39.249256,4.623367340016526,34.35134006392264,-16.750743999999997,-51.37663265998347,-23.675921731996695,28.92785519934236,35.45339688560705,-16.750743999999997,-51.37663265998347,-20.54660311439295
sj,2005-07-30,75,57.837555,6.944874019386781,50.638661835050804,-17.162444999999998,-68.05512598061321,-27.34098119612264,42.66729429191957,52.25845062370107,-17.162444999999998,-68.05512598061321,-22.741549376298927
sj,2005-08-06,83,66.3792,8.380040661253311,58.17507823452346,-16.620800000000003,-74.6199593387467,-28.220631867749333,49.090616434252006,60.02104874025943,-16.620800000000003,-74.6199593387467,-22.97895125974057
sj,2005-08-13,82,87.43974,8.013046870306713,76.20464160729244,5.4397400000000005,-73.98695312969329,-10.445598625938658,63.763965433964756,78.7325977804021,5.4397400000000005,-73.98695312969329,-3.267402219597898
sj,2005-08-20,126,85.9645,10.957561662759822,75.35458664280398,-40.0355,-115.04243833724018,-55.03688766744803,63.60618073746591,77.7418728978929,-40.0355,-115.04243833724018,-48.258127102107096
sj,2005-08-27,119,112.44454,8.863043800985698,97.7926861256414,-6.5554599999999965,-110.1369561990143,-27.271759239802847,81.56862087774599,101.0894302354417,-6.5554599999999965,-110.1369561990143,-17.910569764558304
sj,2005-09-03,137,95.66897,11.200224519361841,83.72066107274898,-41.33103,-125.79977548063816,-58.22477909612762,70.49024359111017,86.40909336369099,-41.33103,-125.79977548063816,-50.590906636309015
sj,2005-09-10,131,121.02479,12.118040929212496,105.61966619052365,-9.975210000000004,-118.8819590707875,-31.756559814157498,88.56150167563953,109.08589999377736,-9.975210000000004,-118.8819590707875,-21.91410000622264
sj,2005-09-17,112,104.12298,12.055458962738967,91.09980583942803,-7.877020000000002,-99.94454103726103,-26.290524207452208,76.6791851365701,94.03008845573953,-7.877020000000002,-99.94454103726103,-17.96991154426047
sj,2005-09-24,82,109.74037,11.710214073954539,95.87376667203344,27.74037,-70.28978592604545,8.134338814790908,80.51921296922008,98.99382528280171,27.74037,-70.28978592604545,16.99382528280171
sj,2005-10-01,73,100.89982,14.87134767493475,88.73088392748598,27.899820000000005,-58.12865232506525,10.694125534986952,75.25616499219504,91.46895848539603,27.899820000000005,-58.12865232506525,18.46895848539603
sj,2005-10-08,43,76.20877,15.461740071417047,67.61595527462865,33.20877,-27.538259928582953,21.059364014283403,58.1010919704378,69.54938373872554,33.20877,-27.538259928582953,26.54938373872554
sj,2005-10-15,55,53.362762,14.661055111571134,47.88831168960842,-1.6372380000000035,-40.33894488842887,-9.37757937768577,41.82642765815562,49.120091774909596,-1.6372380000000035,-40.33894488842887,-5.879908225090404
sj,2005-10-22,55,67.22913,16.176038689020796,60.00754640474514,12.229129999999998,-38.8239613109792,2.018511737804161,52.011053643676384,61.632440659440896,12.229129999999998,-38.8239613109792,6.632440659440896
sj,2005-10-29,53,63.856308,17.589838896255472,57.311803725914764,10.856307999999999,-35.41016110374453,1.6030141792510975,50.06504401425083,58.784351575638524,10.856307999999999,-35.41016110374453,5.784351575638524
sj,2005-11-05,46,66.743095,16.667533668631336,59.659785391360856,20.743094999999997,-29.332466331368664,10.727982733726265,51.81640405224438,61.25356727250832,20.743094999999997,-29.332466331368664,15.25356727250832
sj,2005-11-12,43,53.19216,16.07880139528539,47.94238540687993,10.192160000000001,-26.92119860471461,2.769488279057086,42.12928583150268,49.12361227523795,10.192160000000001,-26.92119860471461,6.123612275237953
sj,2005-11-19,29,45.638065,16.397343554913196,41.501894028197476,16.638064999999997,-12.602656445086804,10.789920710982642,36.9218928694081,42.43255423033616,16.638064999999997,-12.602656445086804,13.432554230336159
sj,2005-11-26,22,37.440796,14.918593495254719,34.25497582808225,15.440795999999999,-7.081406504745281,10.936355499050947,30.72730248514035,34.97180210663484,15.440795999999999,-7.081406504745281,12.97180210663484
sj,2005-12-03,26,24.79945,14.661126141384734,23.36535949968564,-1.2005499999999998,-11.338873858615266,-3.2282147717230494,21.777384486557438,23.688037397675455,-1.2005499999999998,-11.338873858615266,-2.311962602324545
sj,2005-12-10,13,27.137646,13.262837814050558,25.175020728738275,14.137646,0.26283781405055784,11.362684362810114,23.001796730521697,25.616621727373715,14.137646,0.26283781405055784,12.616621727373715
sj,2005-12-17,17,17.258528,9.622609026112775,16.178408740215616,0.2585279999999983,-7.377390973887225,-1.2686557947774446,14.982387711305554,16.421441249146635,0.2585279999999983,-7.377390973887225,-0.5785587508533645
sj,2005-12-24,8,14.694043,9.771469912304623,13.997733097040236,6.694043000000001,1.7714699123046227,5.709528382460926,13.22670593588726,14.15440648396198,6.694043000000001,1.7714699123046227,6.15440648396198
sj,2006-01-01,13,10.503583,10.690770394709375,10.53006111100483,-2.496416999999999,-2.309229605290625,-2.458979521058124,10.559380445217895,10.524103396899683,-2.496416999999999,-2.309229605290625,-2.475896603100317
sj,2006-01-08,10,12.365745,9.553435463947638,11.967936994866196,2.3657450000000004,-0.446564536052362,1.8032830927895294,11.527442359390694,12.057445886300844,2.3657450000000004,-0.446564536052362,2.057445886300844
sj,2006-01-15,17,12.638936,9.807188933062013,12.238378508976677,-4.361064000000001,-7.1928110669379866,-4.9274134133875975,11.794839355117887,12.32850604918362,-4.361064000000001,-7.1928110669379866,-4.67149395081638
sj,2006-01-22,19,16.310879,9.598665798136073,15.361420162117458,-2.689121,-9.401334201863927,-4.031563640372784,14.310080019901385,15.575053389566238,-2.689121,-9.401334201863927,-3.4249466104337625
sj,2006-01-29,9,16.769918,9.34616399022495,15.71980998899559,7.7699180000000005,0.3461639902249498,6.2851671980449915,14.557020554022534,15.956089809257206,7.7699180000000005,0.3461639902249498,6.956089809257206
sj,2006-02-05,9,14.810629,7.373863677232282,13.758680507213827,5.8106290000000005,-1.6261363227677181,4.323275935446457,12.593853098290786,13.995374445547139,5.8106290000000005,-1.6261363227677181,4.995374445547139
sj,2006-02-12,9,13.116178,6.569744788946692,12.190169143917132,4.116178,-2.430255211053308,2.8068913577893397,11.164795274504641,12.398526002243209,4.116178,-2.430255211053308,3.3985260022432087
sj,2006-02-19,3,8.865265,5.811030969474084,8.433236188334844,5.865265000000001,2.811030969474084,5.254418193894818,7.954848696244664,8.530444941052048,5.865265000000001,2.811030969474084,5.530444941052048
sj,2006-02-26,7,5.0753345,5.604362425121952,5.1501667831661875,-1.9246654999999997,-1.395637574878048,-1.8188599149756088,5.2330289148218885,5.133329126248056,-1.9246654999999997,-1.395637574878048,-1.8666708737519437
sj,2006-03-05,7,8.603413,5.335924467397806,8.141218821767175,1.6034129999999998,-1.6640755326021939,0.9499152934795614,7.629429080404158,8.245214940465825,1.6034129999999998,-1.6640755326021939,1.245214940465825
sj,2006-03-12,0,7.112651,4.154282736390856,6.694182633587721,7.112651,4.154282736390856,6.520977347278171,6.230810684954346,6.7883402148697565,7.112651,4.154282736390856,6.7883402148697565
sj,2006-03-19,2,4.377828,3.1921309324533342,4.210108273886268,2.377828,1.1921309324533342,2.1406885864906666,4.0243914490283315,4.247846093544053,2.377828,1.1921309324533342,2.2478460935440534
sj,2006-03-26,3,3.8172104,3.7570678589605953,3.8087030916941913,0.8172104,0.7570678589605953,0.8051818917921194,3.7992829100420282,3.8106172807645935,0.8172104,0.7570678589605953,0.8106172807645935
sj,2006-04-02,3,3.3890839,2.635004733748563,3.2824175729140688,0.38908390000000015,-0.36499526625143686,0.23826806674971301,3.164305457871476,3.3064180569859163,0.38908390000000015,-0.36499526625143686,0.3064180569859163
sj,2006-04-09,1,2.7911642,2.2420826137277463,2.7134952778239305,1.7911641999999999,1.2420826137277463,1.6813478827455492,2.6274921227335355,2.7309711934243857,1.7911641999999999,1.2420826137277463,1.7309711934243857
sj,2006-04-16,3,3.7317834,2.6842136129040837,3.5836021127338635,0.7317833999999999,-0.31578638709591633,0.522269442580817,3.419520291161086,3.616943680986342,0.7317833999999999,-0.31578638709591633,0.616943680986342
sj,2006-04-23,3,6.0049167,2.0854758156000766,5.450502280294398,3.0049167,-0.9145241843999234,2.2210285231200153,4.836596640993752,5.575248437895072,3.0049167,-0.9145241843999234,2.5752484378950724
sj,2006-04-30,3,4.7714543,2.5652347171050525,4.459379188812016,1.7714543000000003,-0.43476528289494754,1.3302103834210106,4.1138169814917,4.5295977286259275,1.7714543000000003,-0.43476528289494754,1.5295977286259275
sj,2006-05-07,7,4.091329,2.666828701586749,3.889829977662748,-2.908671,-4.3331712984132515,-3.19357105968265,3.6667091825865805,3.9351683164639146,-2.908671,-4.3331712984132515,-3.0648316835360854
sj,2006-05-14,3,8.245678,2.089108861628086,7.374816362613557,5.245678,-0.9108911383719138,4.014364172325617,6.410507262345167,7.570764806962241,5.245678,-0.9108911383719138,4.570764806962241
sj,2006-05-21,5,7.7418714,1.6504932959829999,6.880231192543969,2.7418714,-3.349506704017,1.5235957791966,5.926133024090271,7.074104766704369,2.7418714,-3.349506704017,2.0741047667043686
sj,2006-05-28,11,7.849865,2.982399108687598,7.161350143631159,-3.1501349999999997,-8.017600891312402,-4.12362817826248,6.398954473454411,7.316269604110923,-3.1501349999999997,-8.017600891312402,-3.683730395889077
sj,2006-06-04,5,9.293508,3.320513241123969,8.448613403853065,4.293507999999999,-1.6794867588760312,3.098909048224794,7.513057727893789,8.638719127479213,4.293507999999999,-1.6794867588760312,3.638719127479213
sj,2006-06-11,5,8.606037,2.79010247361377,7.7833589546884765,3.6060370000000006,-2.20989752638623,2.442850094722755,6.872403767747705,7.968465837639937,3.6060370000000006,-2.20989752638623,2.968465837639937
sj,2006-06-18,6,7.0841126,3.48936041166587,6.575626183885616,1.0841126,-2.51063958833413,0.3651621623331751,6.012576834400521,6.690038299349874,1.0841126,-2.51063958833413,0.6900382993498742
sj,2006-06-25,6,7.845437,3.948875703256505,7.294258953462859,1.8454370000000004,-2.051124296743495,1.0661247406513015,6.683936965070959,7.41827691009513,1.8454370000000004,-2.051124296743495,1.4182769100951296
sj,2006-07-02,4,9.515151,4.020780019383738,8.737958898190293,5.5151509999999995,0.020780019383738413,4.416276803876748,7.877370505892968,8.912831204848256,5.5151509999999995,0.020780019383738413,4.912831204848256
sj,2006-07-09,4,8.348232,4.6822342298001915,7.829667723524494,4.348231999999999,0.6822342298001915,3.615032445960038,7.255459112866033,7.946347410524056,4.348231999999999,0.6822342298001915,3.946347410524056
sj,2006-07-16,8,8.062423,4.112654557803246,7.503718673684519,0.06242300000000078,-3.8873454421967537,-0.7275306884393498,6.885062801045288,7.629430082813704,0.06242300000000078,-3.8873454421967537,-0.3705699171862964
sj,2006-07-23,14,10.70123,4.473071542534148,9.820241879787766,-3.2987699999999993,-9.526928457465852,-4.544401691493169,8.844719678467031,10.01846883598179,-3.2987699999999993,-9.526928457465852,-3.981531164018209
sj,2006-07-30,12,11.503102,6.732531288698792,10.828293201863085,-0.49689799999999984,-5.267468711301208,-1.4510121422602413,10.081074313065201,10.980128727222272,-0.49689799999999984,-5.267468711301208,-1.0198712727777277
sj,2006-08-06,16,10.159314,8.129340216776201,9.872169284659838,-5.840686,-7.8706597832237986,-6.246680756644759,9.554212619434015,9.93677835441139,-5.840686,-7.8706597832237986,-6.0632216455886105
sj,2006-08-13,10,17.702984,7.772155072703674,16.29824416099984,7.702984000000001,-2.227844927296326,5.716818214540737,14.742769270266642,16.6143180059711,7.702984000000001,-2.227844927296326,6.6143180059711
sj,2006-08-20,16,12.558933,10.63797178762214,12.28720837721608,-3.4410670000000003,-5.36202821237786,-3.825259242475571,11.986326451467345,12.348347845117702,-3.4410670000000003,-5.36202821237786,-3.6516521548822976
sj,2006-08-27,18,21.523893,8.599434126560906,19.695696944065936,3.523893000000001,-9.400565873439094,0.9390012253121824,17.67132703485418,20.10705066289523,3.523893000000001,-9.400565873439094,2.1070506628952295
sj,2006-09-03,15,20.145971,10.874148991527637,18.834449288089335,5.145970999999999,-4.125851008472363,3.2916065983055276,17.38219525863113,19.129548564651426,5.145970999999999,-4.125851008472363,4.129548564651426
sj,2006-09-10,23,21.842253,11.767434912630154,20.417145545061604,-1.1577470000000005,-11.232565087369846,-3.1727106174739674,18.839117499433502,20.737802210640474,-1.1577470000000005,-11.232565087369846,-2.2621977893595258
sj,2006-09-17,17,23.743395,11.706525575026559,22.040750624400374,6.743395,-5.293474424973441,4.3360211150053125,20.15540466882588,22.42385455544394,6.743395,-5.293474424973441,5.423854555443938
sj,2006-09-24,33,24.645756,11.370508049981527,22.767939978344575,-8.354244000000001,-21.629491950018473,-11.009293590003697,20.688625652653855,23.190458450188956,-8.354244000000001,-21.629491950018473,-9.809541549811044
sj,2006-10-01,15,31.451174,14.447154000274793,29.04591412777375,16.451174,-0.5528459997252071,13.050370000054961,26.38255879814987,29.587110237446804,16.451174,-0.5528459997252071,14.587110237446804
sj,2006-10-08,13,24.980936,15.02176697302544,23.572187385161413,11.980936,2.0217669730254393,9.989102194605088,22.01227355848711,23.88916322576041,11.980936,2.0217669730254393,10.88916322576041
sj,2006-10-15,11,14.13455,14.24248192844308,14.149817233067258,3.134550000000001,3.2424819284430804,3.156136385688617,14.166722710528479,14.146382025405552,3.134550000000001,3.2424819284430804,3.1463820254055523
sj,2006-10-22,14,18.259089,15.716974524034738,17.89950074147387,4.2590889999999995,1.7169745240347378,3.750666104806946,17.50132700736949,17.98040998909638,4.2590889999999995,1.7169745240347378,3.9804099890963798
sj,2006-10-29,17,12.546817,17.0929880784013,13.189883925781722,-4.453182999999999,0.09298807840130152,-3.5439487843197384,13.90195489319047,13.045190488489911,-4.453182999999999,0.09298807840130152,-3.9548095115100885
sj,2006-11-05,19,15.268779,16.195333312204706,15.399842354819636,-3.7312209999999997,-2.8046666877952937,-3.5459101375590585,15.54496941098849,15.370352411313684,-3.7312209999999997,-2.8046666877952937,-3.629647588686316
sj,2006-11-12,20,19.468916,15.622336092462048,18.924807942195883,-0.5310839999999999,-4.377663907537952,-1.3003999815075886,18.32231458487621,19.047235114214015,-0.5310839999999999,-4.377663907537952,-0.9527648857859852
sj,2006-11-19,12,23.159374,15.932364572470831,22.13709598735842,11.159374,3.9323645724708314,9.713972114494169,21.005122837693644,22.367113911755855,11.159374,3.9323645724708314,10.367113911755855
sj,2006-11-26,21,15.794853,14.493137081062862,15.610722125953261,-5.205147,-6.506862918937138,-5.465490183787427,15.406833161437017,15.652152540128242,-5.205147,-6.506862918937138,-5.347847459871758
sj,2006-12-03,7,24.244598,14.242551059842127,22.82978420034122,17.244598,7.2425510598421265,15.244188611968426,21.26315436659319,23.14812473939423,17.244598,7.2425510598421265,16.14812473939423
sj,2006-12-10,19,14.450293,12.88163479920036,14.228402492715077,-4.549707,-6.118365200799641,-4.863438640159927,13.982702112479966,14.278329022776393,-4.549707,-6.118365200799641,-4.7216709772236065
sj,2006-12-17,10,18.88939,9.338698444002665,17.5384215141936,8.889389999999999,-0.6613015559973352,6.979251688800531,16.042487890399325,17.842396522155045,8.889389999999999,-0.6613015559973352,7.842396522155045
sj,2006-12-24,13,10.914355,9.48358072373839,10.71196850827856,-2.0856449999999995,-3.51641927626161,-2.3717998552523216,10.487865014267632,10.75750653235437,-2.0856449999999995,-3.51641927626161,-2.2424934676456303
sj,2007-01-01,10,15.6327915,10.378311052572391,14.889532495964524,5.6327915,0.37831105257239095,4.581895410514479,14.066518379050585,15.056769677322043,5.6327915,0.37831105257239095,5.056769677322043
sj,2007-01-08,8,10.238111,9.271373684354185,10.10136366187971,2.238111,1.2713736843541845,2.0447635368708372,9.949942704834658,10.132132531494761,2.238111,1.2713736843541845,2.1321325314947615
sj,2007-01-15,21,13.252788,9.51834508185587,12.724541991334005,-7.747211999999999,-11.48165491814413,-8.494100583628825,12.139612754049173,12.843400118949027,-7.747211999999999,-11.48165491814413,-8.156599881050973
sj,2007-01-22,11,14.121408,9.315395146929545,13.441585824944879,3.1214080000000006,-1.6846048530704554,2.160205429385911,12.68881560080536,13.594549386453421,3.1214080000000006,-1.6846048530704554,2.594549386453421
sj,2007-01-29,9,15.167275,9.069641957469091,14.304750016319819,6.167275,0.06964195746909141,4.947748391493818,13.349672131079869,14.498822669779702,6.167275,0.06964195746909141,5.4988226697797025
sj,2007-02-05,14,11.652248,7.150055335489734,11.015401927532846,-2.347752,-6.849944664510266,-3.2481905329020524,10.310219339638294,11.158695640141447,-2.347752,-6.849944664510266,-2.841304359858553
sj,2007-02-12,14,9.83309,6.367428141108881,9.342863724094036,-4.16691,-7.632571858891119,-4.860042371778222,8.800033911926027,9.453167212063613,-4.16691,-7.632571858891119,-4.546832787936387
sj,2007-02-19,15,8.0088005,5.628992473793802,7.6721708824667205,-6.9911995000000005,-9.3710075262062,-7.46716110524124,7.2994193572285475,7.747914315229815,-6.9911995000000005,-9.3710075262062,-7.252085684770185
sj,2007-02-26,18,13.725178,5.427847561779698,12.55150048433163,-4.274822,-12.572152438220302,-5.93428808764406,11.251881967966582,12.815584092437783,-4.274822,-12.572152438220302,-5.184415907562217
sj,2007-03-05,16,13.026994,5.166584148148304,11.915119961024727,-2.973006,-10.833415851851697,-4.545087970370339,10.683936718926944,12.165297462128974,-2.973006,-10.833415851851697,-3.834702537871026
sj,2007-03-12,12,12.9468155,4.0165241679966375,11.683604130658823,0.9468154999999996,-7.9834758320033625,-0.8392427664006732,10.284844365934397,11.967833326296406,0.9468154999999996,-7.9834758320033625,-0.032166673703594384
sj,2007-03-19,20,12.280313,3.080087805346909,10.978918831062204,-7.719687,-16.91991219465309,-9.559732038930617,9.537879076562081,11.271739357240293,-7.719687,-16.91991219465309,-8.728260642759707
sj,2007-03-26,8,14.906257,3.629925656733745,13.311192580743626,6.906257,-4.370074343266255,4.650990731346749,11.544970406094436,13.670090456331788,6.906257,-4.370074343266255,5.670090456331788
sj,2007-04-02,3,11.364802,2.5378519243592095,10.116208502025616,8.364802,-0.4621480756407905,6.599411984871843,8.73363517356201,10.397148599796159,8.364802,-0.4621480756407905,7.397148599796159
sj,2007-04-09,13,10.040581,2.155431437933758,8.92520746900869,-2.9594190000000005,-10.844568562066243,-4.536448912413249,7.690149223290919,9.176172374204603,-2.9594190000000005,-10.844568562066243,-3.8238276257953974
sj,2007-04-16,4,12.009917,2.585745597288869,10.676845096750675,8.009917,-1.4142544027111308,6.125082719457774,9.200728441212439,10.976793279599304,8.009917,-1.4142544027111308,6.976793279599304
sj,2007-04-23,1,7.7377524,2.0030102713312177,6.926559216277839,6.7377524,1.0030102713312177,5.590803974266243,6.028321269447889,7.109081945024563,6.7377524,1.0030102713312177,6.109081945024563
sj,2007-04-30,10,5.9415236,2.469946651677413,5.450460620346899,-4.0584764,-7.530053348322587,-4.752791789664517,4.9067043222677516,5.560952371056037,-4.0584764,-7.530053348322587,-4.439047628943963
sj,2007-05-07,8,9.086542,2.5688253326774335,8.164595168679845,1.0865419999999997,-5.4311746673225665,-0.21700133346451356,7.143719197987475,8.37203805009043,1.0865419999999997,-5.4311746673225665,0.37203805009042945
sj,2007-05-14,13,8.86642,2.0065462169001864,7.896074214750776,-4.13358,-10.993453783099813,-5.505554756619962,6.821605859558223,8.114407115107385,-4.13358,-10.993453783099813,-4.885592884892615
sj,2007-05-21,10,9.455695,1.5796535340477111,8.341609831295704,-0.5443049999999996,-8.420346465952289,-2.1195132931904572,7.107978195069585,8.592284848207349,-0.5443049999999996,-8.420346465952289,-1.407715151792651
sj,2007-05-28,21,11.630938,2.8759614862200014,10.392525336922763,-9.369062,-18.12403851378,-11.120057302755999,9.021225293810328,10.671174693346318,-9.369062,-18.12403851378,-10.328825306653682
sj,2007-06-04,18,15.090989,3.205038838716181,13.409692520304073,-2.9090109999999996,-14.794961161283819,-5.286201032256763,11.547985188143171,13.78799306259693,-2.9090109999999996,-14.794961161283819,-4.2120069374030695
sj,2007-06-11,21,18.362215,2.6888043653151894,16.14517304985287,-2.637785000000001,-18.31119563468481,-5.772467126936963,13.69023229184706,16.644019138068288,-2.637785000000001,-18.31119563468481,-4.355980861931712
sj,2007-06-18,34,21.341038,3.369373229171914,18.798902427878023,-12.658961999999999,-30.630626770828087,-16.253294954165618,15.983984005624214,19.37089628924008,-12.658961999999999,-30.630626770828087,-14.62910371075992
sj,2007-06-25,25,32.09476,3.8166070507768524,28.094746676648107,7.094760000000001,-21.183392949223148,1.439129410155374,23.665513508817806,28.994770692445933,7.094760000000001,-21.183392949223148,3.9947706924459325
sj,2007-07-02,34,28.276031,3.886589579497835,24.826085354458844,-5.723969,-30.113410420502166,-10.601857284100433,21.00594465861789,25.602341252422264,-5.723969,-30.113410420502166,-8.397658747577736
sj,2007-07-09,33,33.453426,4.530365096341279,29.362188882268395,0.45342600000000033,-28.469634903658722,-5.331186180731741,24.83194318695397,30.282738731136483,0.45342600000000033,-28.469634903658722,-2.717261268863517
sj,2007-07-16,40,34.689976,3.976008586171831,30.345410812559653,-5.3100239999999985,-36.02399141382817,-11.452817482765631,25.534653779408938,31.322960808222874,-5.3100239999999985,-36.02399141382817,-8.677039191777126
sj,2007-07-23,42,35.771473,4.326792702396909,31.323546702804958,-6.228527,-37.67320729760309,-12.517463059520619,26.398337436978785,32.32435349127326,-6.228527,-37.67320729760309,-9.675646508726743
sj,2007-07-30,36,39.360947,6.525863844386151,34.71634484611601,3.360947000000003,-29.47413615561385,-3.206069631122766,29.573355498740472,35.76140473577132,3.360947000000003,-29.47413615561385,-0.23859526422867816
sj,2007-08-06,72,40.279503,7.885340245690506,35.69727010633333,-31.720497,-64.1146597543095,-38.199329550861904,30.62334252792611,36.728296584720866,-31.720497,-64.1146597543095,-35.271703415279134
sj,2007-08-13,75,65.4802,7.537701592684855,57.284093060705594,-9.519800000000004,-67.46229840731515,-21.10829968146303,48.2085061143635,59.128260188436734,-9.519800000000004,-67.46229840731515,-15.871739811563266
sj,2007-08-20,76,90.134224,10.326923594406848,78.84528778495313,14.134224000000003,-65.67307640559315,-1.8272360811186132,66.34499674309566,81.38535775097964,14.134224000000003,-65.67307640559315,5.385357750979637
sj,2007-08-27,92,85.84325,8.34286995065083,74.88063326478115,-6.156750000000002,-83.65713004934918,-21.65682600986983,62.74167728521597,77.34727963320279,-6.156750000000002,-83.65713004934918,-14.652720366797212
sj,2007-09-03,71,107.096,10.556788487723004,93.44029437564794,36.096000000000004,-60.443211512276996,16.78815769754462,78.31926867095781,96.51289989494236,36.096000000000004,-60.443211512276996,25.512899894942365
sj,2007-09-10,112,88.569244,11.426199546705723,77.6571732515609,-23.430756000000002,-100.57380045329428,-38.85936489065885,65.57418707585579,80.11244650736354,-23.430756000000002,-100.57380045329428,-31.887553492636457
sj,2007-09-17,106,117.93983,11.366918133602828,102.86483312380881,11.93983,-94.63308186639718,-9.374752373279435,86.17221968195848,106.25678663242357,11.93983,-94.63308186639718,0.25678663242356947
sj,2007-09-24,101,97.71999,11.039881352450395,85.45887838912608,-3.2800100000000043,-89.9601186475496,-20.616031729509913,71.88209305586027,88.21769292750287,-3.2800100000000043,-89.9601186475496,-12.782307072497133
sj,2007-10-01,170,89.10533,14.03429775437685,78.48635040400339,-80.89467,-155.96570224562316,-95.90887644912463,66.72790541070312,80.87567661046091,-80.89467,-155.96570224562316,-89.12432338953909
sj,2007-10-08,135,154.2152,14.593553040218318,134.4653793851142,19.21520000000001,-120.40644695978168,-8.709129391956324,112.59631209589627,138.9091927987658,19.21520000000001,-120.40644695978168,3.909192798765787
sj,2007-10-15,106,136.42886,13.83509595514131,119.08767472457468,30.428859999999986,-92.16490404485869,5.91010719102826,99.88570043538877,122.98953253068913,30.428859999999986,-92.16490404485869,16.989532530689132
sj,2007-10-22,68,92.962555,15.270179771768932,81.97278008104384,24.962554999999995,-52.72982022823107,9.424079954353786,69.80375171959805,84.44553718350885,24.962554999999995,-52.72982022823107,16.445537183508847
sj,2007-10-29,48,78.36299,16.609416597532263,69.62779725887559,30.362989999999996,-31.390583402467737,18.012275319506458,59.955278122374935,71.59326152464126,30.362989999999996,-31.390583402467737,23.593261524641264
sj,2007-11-05,48,64.159775,15.735753459623812,57.31007970060793,16.159774999999996,-32.26424654037619,6.474970691924767,49.72538056161217,58.851297134649954,16.159774999999996,-32.26424654037619,10.851297134649954
sj,2007-11-12,26,60.76839,15.178070742542854,54.31952876167415,34.76839,-10.821929257457146,25.65032614850857,47.178675023818926,55.77055642579634,34.76839,-10.821929257457146,29.770556425796343
sj,2007-11-19,33,36.184505,15.479813088136481,33.25577610981888,3.1845050000000015,-17.52018691186352,-0.9564333823727011,30.012781126716458,33.91475549909629,3.1845050000000015,-17.52018691186352,0.9147554990962874
sj,2007-11-26,29,33.016212,14.079051844885631,30.337504763960847,4.016212000000003,-14.920948155114369,0.22877996897712904,27.371359909515846,30.940227967319174,4.016212000000003,-14.920948155114369,1.9402279673191742
sj,2007-12-03,17,30.144115,13.835163238864736,27.837174216010908,13.144115,-3.1648367611352644,9.882324647772947,25.282688065424146,28.356248014213595,13.144115,-3.1648367611352644,11.356248014213595
sj,2007-12-10,12,22.381634,12.510620201299526,20.985355156021367,10.381633999999998,0.5106202012995258,8.407431240259903,19.439249164027437,21.29952523265454,10.381633999999998,0.5106202012995258,9.299525232654538
sj,2007-12-17,13,19.458616,9.062375942978464,17.98804262784511,6.458615999999999,-3.9376240570215355,4.379367988595693,16.3596699627715,18.318929363698054,6.458615999999999,-3.9376240570215355,5.318929363698054
sj,2007-12-24,17,12.88607,9.203385952514271,12.365145409129822,-4.11393,-7.796614047485729,-4.850466809497146,11.788323211475946,12.482356179270441,-4.11393,-7.796614047485729,-4.517643820729559
sj,2008-01-01,15,15.349835,10.074202814527984,14.603584031314583,0.34983500000000056,-4.925797185472016,-0.7052914370944023,13.777256898169643,14.7714944204396,0.34983500000000056,-4.925797185472016,-0.22850557956039985
sj,2008-01-08,14,13.17968,8.996850572882515,12.58800863207786,-0.8203200000000006,-5.003149427117485,-1.6568858854234971,11.932848202497034,12.721137798793647,-0.8203200000000006,-5.003149427117485,-1.278862201206353
sj,2008-01-15,15,14.147784,9.237221163270158,13.453172976170183,-0.8522160000000003,-5.762778836729842,-1.8343285673459668,12.68402699169894,13.609464106360939,-0.8522160000000003,-5.762778836729842,-1.3905358936390613
sj,2008-01-22,10,15.324714,9.039695473368996,14.435682885090205,5.324714,-0.9603045266310044,4.0677102946738,13.45125463871329,14.635719557353045,5.324714,-0.9603045266310044,4.635719557353045
sj,2008-01-29,9,12.783542,8.800510531963576,12.220132538,3.7835420000000006,-0.19948946803642365,2.9869357063927158,11.596266646956243,12.346902627381304,3.7835420000000006,-0.19948946803642365,3.3469026273813043
sj,2008-02-05,2,11.051523,6.932228721628631,10.468838832972557,9.051523,4.932228721628631,8.227664144325727,9.823629972316851,10.599945832263847,9.051523,4.932228721628631,8.599945832263847
sj,2008-02-12,6,5.899562,6.170518812425616,5.937889498323585,-0.10043799999999958,0.17051881242561606,-0.046246637514876454,5.9803297136658,5.929265609809191,-0.10043799999999958,0.17051881242561606,-0.0707343901908093
sj,2008-02-19,8,3.8234296,5.451819322884088,4.053769275962626,-4.1765704,-2.548180677115912,-3.850892455423182,4.308825459572041,4.001941638552726,-4.1765704,-2.548180677115912,-3.9980583614472742
sj,2008-02-26,5,5.298027,5.256050413028967,5.292089309958699,0.29802700000000026,0.2560504130289667,0.2896316826057941,5.285514478440592,5.293425321417545,0.29802700000000026,0.2560504130289667,0.29342532141754507
sj,2008-03-04,1,4.941212,5.0017697893756115,4.949778046190151,3.941212,4.0017697893756115,3.953323557875123,4.959263268572057,4.947850640787133,3.941212,4.0017697893756115,3.9478506407871334
sj,2008-03-11,2,4.6954107,3.882447474295093,4.580415079881038,2.6954107,1.882447474295093,2.5328180548590185,4.45307990031736,4.606289698651533,2.6954107,1.882447474295093,2.6062896986515334
sj,2008-03-18,3,4.610132,2.97103925606595,4.37827835574967,1.6101320000000001,-0.028960743934050015,1.2823134512131897,4.121545748085416,4.43044664397944,1.6101320000000001,-0.028960743934050015,1.4304466439794403
sj,2008-03-25,4,4.6541505,3.506181585470411,4.491767512640201,0.6541505000000001,-0.49381841452958897,0.4245567170940827,4.311960083173267,4.528304538036493,0.6541505000000001,-0.49381841452958897,0.528304538036493
sj,2008-04-01,3,2.8787827,2.443295719118568,2.817182010280275,-0.12121730000000008,-0.5567042808814322,-0.2083146961762865,2.7489712829621986,2.8310424891476313,-0.12121730000000008,-0.5567042808814322,-0.16895751085236865
sj,2008-04-08,1,3.3997061,2.0710961890179687,3.2117710055471105,2.3997061,1.0710961890179687,2.133984117803594,3.0036696102616265,3.254057389302726,2.3997061,1.0710961890179687,2.254057389302726
sj,2008-04-15,3,2.6904767,2.4899093373528673,2.6621059600772528,-0.30952329999999995,-0.5100906626471327,-0.3496367725294265,2.6306909091502675,2.668489525633737,-0.30952329999999995,-0.5100906626471327,-0.3315104743662629
sj,2008-04-22,5,6.0140676,1.9227487845231794,5.4353406300535,1.0140675999999997,-3.077251215476821,0.19580383690463599,4.794513591943293,5.565557239208513,1.0140675999999997,-3.077251215476821,0.5655572392085126
iq,2008-07-01,0,1.7590483,1.6255434238045692,1.7401637114459643,1.7590483,1.6255434238045692,1.732347324760914,1.7192527196009992,1.7276652106283772,1.7590483,1.6255434238045692,1.7276652106283772
iq,2008-07-08,3,0.5343598,2.666254727096608,0.8359215083507929,-2.4656402,-0.33374527290339184,-2.0392612145806783,1.1698421763088769,1.0355059074278856,-2.4656402,-0.33374527290339184,-1.9644940925721144
iq,2008-07-15,3,4.837444,2.046988264398051,4.442727267946319,1.8374439999999996,-0.9530117356019492,1.2793528528796099,4.005655613383746,4.18148951928306,1.8374439999999996,-0.9530117356019492,1.1814895192830601
iq,2008-07-22,1,5.2640243,3.617923352024915,5.03117932828966,4.2640243,2.617923352024915,3.9348041104049827,4.773349019165159,4.877074140296522,4.2640243,2.617923352024915,3.8770741402965223
iq,2008-07-29,5,4.575369,2.938315135706854,4.34380376022018,-0.42463099999999976,-2.061684864293146,-0.7520417728586288,4.087390504153851,4.190545544907126,-0.42463099999999976,-2.061684864293146,-0.8094544550928742
iq,2008-08-05,2,6.633473,2.35872315882778,6.028799266556777,4.633473,0.35872315882778016,3.778523031765557,5.359241257775392,5.628604412949626,4.633473,0.35872315882778016,3.6286044129496258
iq,2008-08-12,5,6.1049333,2.0000000000000004,5.524280528195754,1.1049333,-2.9999999999999996,0.2839466400000008,4.881321040822637,5.139983612095947,1.1049333,-2.9999999999999996,0.13998361209594723
iq,2008-08-19,5,4.1979604,3.4092367510201926,4.086393526801918,-0.8020395999999996,-1.5907632489798074,-0.9597843297959612,3.96285501448867,4.012554552132603,-0.8020395999999996,-1.5907632489798074,-0.9874454478673966
iq,2008-08-26,5,4.3322387,2.489252251307266,4.071543796667198,-0.6677612999999996,-2.510747748692734,-1.0363585897385463,3.782875130044264,3.8990065209345204,-0.6677612999999996,-2.510747748692734,-1.1009934790654796
iq,2008-09-02,9,5.1857424,1.1468369420894686,4.614429426609896,-3.8142576000000004,-7.853163057910532,-4.622038691582107,3.9818119410184405,4.236313925465531,-3.8142576000000004,-7.853163057910532,-4.763686074534469
iq,2008-09-09,17,5.8667374,6.3767762291292085,5.938883629479945,-11.1332626,-10.62322377087079,-11.031254834174158,6.018771481523071,5.986632602435367,-11.1332626,-10.62322377087079,-11.013367397564632
iq,2008-09-16,19,16.495245,3.690252753169875,14.683947788166181,-2.5047549999999994,-15.309747246830124,-5.065753449366024,12.678290046823921,13.485166061033429,-2.5047549999999994,-15.309747246830124,-5.5148339389665715
iq,2008-09-23,25,21.824509,2.0000000000000004,19.02028411758638,-3.175491000000001,-23.0,-7.140392800000001,15.915152995464684,17.164347098611472,-3.175491000000001,-23.0,-7.835652901388528
iq,2008-09-30,45,26.938112,5.999999999999999,23.97636527219135,-18.061888,-39.0,-22.2495104,20.69680948547957,22.016174622917625,-18.061888,-39.0,-22.983825377082375
iq,2008-10-07,34,39.433315,4.1701087027125645,34.445248938311515,5.433315,-29.829891297287435,-1.6193262594574875,28.921940424617425,31.143967177694645,5.433315,-29.829891297287435,-2.8560328223053553
iq,2008-10-14,63,29.773375,6.591391993004851,26.49422727574083,-33.226625,-56.40860800699515,-37.863021601399026,22.863211904438725,24.323969216087015,-33.226625,-56.40860800699515,-38.676030783912985
iq,2008-10-21,44,56.25873,3.580591651207541,48.80727955969347,12.25873,-40.41940834879246,1.7231023302415096,40.556254182859774,43.87564130059682,12.25873,-40.41940834879246,-0.12435869940318156
iq,2008-10-28,50,40.04345,7.649736254547841,35.461280619725265,-9.95655,-42.35026374545216,-16.435292749090436,30.387423369989346,32.42863590089459,-9.95655,-42.35026374545216,-17.57136409910541
iq,2008-11-04,35,54.682594,7.649736254547841,48.02968219366891,19.682594,-27.35026374545216,10.276022450909572,40.662882322472804,43.62654556123249,19.682594,-27.35026374545216,8.62654556123249
iq,2008-11-11,16,42.499245,2.938315135706854,36.90325551562635,26.499245000000002,-13.061684864293145,18.587059027141372,30.70679059729267,33.199628140027194,26.499245000000002,-13.061684864293145,17.199628140027194
iq,2008-11-18,16,32.018143,8.344726881147869,28.669480870097228,16.018143000000002,-7.655273118852131,11.283459776229577,24.96149187740211,26.453215673285793,16.018143000000002,-7.655273118852131,10.453215673285793
iq,2008-11-25,13,21.036564,9.595982987534756,19.418266066647714,8.036563999999998,-3.4040170124652445,5.748447797506948,17.62631731487987,18.347218212720247,8.036563999999998,-3.4040170124652445,5.3472182127202466
iq,2008-12-02,9,17.382017,9.340217405425127,16.24448494195556,8.382017000000001,0.34021740542512724,6.7736570810850285,14.984890457220521,15.491625258684262,8.382017000000001,0.34021740542512724,6.491625258684262
iq,2008-12-09,15,13.399757,6.310662319601813,12.396987362852435,-1.6002430000000007,-8.689337680398186,-3.0180619360796364,11.286615927182995,11.733318303085603,-1.6002430000000007,-8.689337680398186,-3.2666816969143966
iq,2008-12-16,4,14.810467,2.6473412350635668,13.089963358877746,10.810467,-1.3526587649364332,8.377841847012714,11.184841756371252,11.951272086695766,10.810467,-1.3526587649364332,7.9512720866957665
iq,2008-12-23,0,9.879819,2.446739135141708,8.828391824174194,9.879819,2.446739135141708,8.393203027028342,7.664141671921363,8.132519452949891,9.879819,2.446739135141708,8.132519452949891
iq,2009-01-01,1,6.3286076,2.8013820713176574,5.829672993679331,5.3286076,1.8013820713176574,4.623162494263532,5.277200407152537,5.499460102507353,5.3286076,1.8013820713176574,4.499460102507353
iq,2009-01-08,10,6.1885486,24.680523956074556,8.804283366418863,-3.8114514,14.680523956074556,-0.11305632878508831,11.700698515346616,10.535470838315925,-3.8114514,14.680523956074556,0.5354708383159252
iq,2009-01-15,11,6.592878,10.892560699368179,7.201078546709711,-4.407122,-0.10743930063182106,-3.5471854601263644,7.874541812057487,7.603607572351828,-4.407122,-0.10743930063182106,-3.3963924276481716
iq,2009-01-22,29,9.845159,17.08017823818968,10.86857001978731,-19.154840999999998,-11.919821761810319,-17.70783715236206,12.001797753480588,11.545900289967111,-19.154840999999998,-11.919821761810319,-17.45409971003289
iq,2009-01-29,35,21.12014,11.124558288542566,19.70624072262231,-13.87986,-23.875441711457434,-15.878976342291487,18.14062354360633,18.770471260464014,-13.87986,-23.875441711457434,-16.229528739535986
iq,2009-02-05,30,22.514994,18.807958252522365,21.9906248021009,-7.4850059999999985,-11.192041747477635,-8.226413149495524,21.40998837522594,21.64357838221695,-7.4850059999999985,-11.192041747477635,-8.356421617783049
iq,2009-02-12,20,25.756855,12.381613093690614,23.8648945906918,5.756855000000002,-7.618386906309386,3.0818066187381277,21.769918119436568,22.61272705445349,5.756855000000002,-7.618386906309386,2.61272705445349
iq,2009-02-19,21,25.764917,10.286988879154109,23.575526525578393,4.7649170000000005,-10.713011120845891,1.6693313758308221,21.151204373942697,22.126509060555136,4.7649170000000005,-10.713011120845891,1.1265090605551364
iq,2009-02-26,12,18.851002,15.256184397502238,18.34250633089351,6.851002000000001,3.2561843975022384,6.132038479500448,17.779446735527657,18.00596558403626,6.851002000000001,3.2561843975022384,6.005965584036261
iq,2009-03-05,9,14.692636,5.787172452380872,13.432936580979787,5.692636,-3.2128275476191277,3.9115432904761747,12.038065615013746,12.599222138460279,5.692636,-3.2128275476191277,3.599222138460279
iq,2009-03-12,11,12.089167,7.052208962115775,11.376677068395226,1.0891669999999998,-3.947791037884225,0.08177539242315568,10.587733687035549,10.905125571935336,1.0891669999999998,-3.947791037884225,-0.09487442806466362
iq,2009-03-19,9,10.194777,5.093976528796099,9.473256401352282,1.1947770000000002,-3.906023471203901,0.17461690575922084,8.67431332080142,8.995728084211516,1.1947770000000002,-3.906023471203901,-0.004271915788484293
iq,2009-03-26,5,11.887619,5.999999999999998,11.054801012025056,6.887619000000001,0.9999999999999982,5.7100952,10.132617819891772,10.503612074345941,6.887619000000001,0.9999999999999982,5.503612074345941
iq,2009-04-02,11,9.280295,5.374346023661291,8.727789043414292,-1.7197049999999994,-5.625653976338709,-2.500894795267742,8.115996654112307,8.36212070330992,-1.7197049999999994,-5.625653976338709,-2.6378792966900804
iq,2009-04-09,3,5.7594547,5.978504502614534,5.7904398258853105,2.7594547,2.978504502614534,2.803264660522908,5.824749798424505,5.810946898099379,2.7594547,2.978504502614534,2.8109468980993793
iq,2009-04-16,5,4.5636845,2.8978559468959504,4.328049010694845,-0.4363155000000001,-2.1021440531040496,-0.7694812106208095,4.067128748590884,4.1720969576593205,-0.4363155000000001,-2.1021440531040496,-0.8279030423406795
iq,2009-04-23,5,5.8695645,5.545909519307008,5.823782717955543,0.8695645000000001,0.545909519307008,0.8048335038614027,5.7730883399318795,5.793482685806261,0.8695645000000001,0.545909519307008,0.7934826858062607
iq,2009-04-30,4,4.631096,2.046988264398051,4.265567693043572,0.6310960000000003,-1.9530117356019492,0.11427445287961113,3.8608165159660937,4.02364789530618,0.6310960000000003,-1.9530117356019492,0.023647895306179834
iq,2009-05-07,4,6.0324464,2.489252251307266,5.5312529936469605,2.0324464000000004,-1.5107477486927339,1.3238075702614545,4.976279227445472,5.1995451472647805,2.0324464000000004,-1.5107477486927339,1.1995451472647805
iq,2009-05-14,1,3.829276,3.5235288126737725,3.786027318762639,2.829276,2.5235288126737725,2.768126562534755,3.738137854924325,3.757403783954983,2.829276,2.5235288126737725,2.757403783954983
iq,2009-05-21,0,2.38008,3.5704823965970753,2.5484653063206926,2.38008,3.5704823965970753,2.618160479319415,2.734919131205931,2.659908766298489,2.38008,3.5704823965970753,2.659908766298489
iq,2009-05-28,2,1.6772752,3.986327371284985,2.003896230236287,-0.32272480000000003,1.9863273712849852,0.13908563425699727,2.3655652006839127,2.2200657910275376,-0.32272480000000003,1.9863273712849852,0.22006579102753765
iq,2009-06-04,3,1.4677925,2.489252251307266,1.6122804593739175,-1.5322075,-0.5107477486927339,-1.3279155497385466,1.772272641968648,1.707907794499547,-1.5322075,-0.5107477486927339,-1.292092205500453
iq,2009-06-11,3,1.744118,1.3210343708448615,1.6842717944662997,-1.255882,-1.6789656291551385,-1.3404987258310277,1.6180038155645364,1.644663420333489,-1.255882,-1.6789656291551385,-1.355336579666511
iq,2009-06-18,5,3.2217681,0.5234941321990254,2.840090702588724,-1.7782319000000002,-4.476505867800975,-2.317886693560195,2.417457563304941,2.587482855192446,-1.7782319000000002,-4.476505867800975,-2.412517144807554
iq,2009-06-25,2,3.3320603,1.558497512077549,3.0811855418703034,1.3320603000000002,-0.44150248792245095,0.9773477424155104,2.803390767239823,2.9151475918972864,1.3320603000000002,-0.44150248792245095,0.9151475918972864
iq,2009-07-02,1,3.6192634,2.39057818162455,3.445462895683739,2.6192634,1.3905781816245502,2.37352635632491,3.2530127971280325,3.3304354626486883,2.6192634,1.3905781816245502,2.3304354626486883
iq,2009-07-09,2,2.3534315,3.426556622889604,2.5052276514986422,0.3534315000000001,1.426556622889604,0.568056524577921,2.673312228877844,2.6056918113707894,0.3534315000000001,1.426556622889604,0.6056918113707894
iq,2009-07-16,0,2.374016,1.3594795847376415,2.230507363302192,2.374016,1.3594795847376415,2.1711087169475283,2.0715995892152312,2.1355281791930922,2.374016,1.3594795847376415,2.1355281791930922
iq,2009-07-23,0,0.88774526,5.925705647764734,1.6003769764265714,0.88774526,5.925705647764734,1.895337337552947,2.389477356772162,2.072022311187789,0.88774526,5.925705647764734,2.072022311187789
iq,2009-07-30,3,0.6515079,4.085867272436824,1.1373063632727978,-2.3484921,1.0858672724368237,-1.6616202255126353,1.6752332381277528,1.4588252818885854,-2.3484921,1.0858672724368237,-1.5411747181114146
iq,2009-08-06,5,3.4084756,2.7347885151879403,3.313180927824731,-1.5915244,-2.2652114848120597,-1.7262618169624115,3.2076606986164635,3.2501114818219072,-1.5915244,-2.2652114848120597,-1.7498885181780928
iq,2009-08-13,5,5.1989408,2.000000000000001,4.746442864806341,0.19894079999999992,-2.999999999999999,-0.44084735999999936,4.245389817999235,4.446963434963754,0.19894079999999992,-2.999999999999999,-0.5530365650362459
iq,2009-08-20,7,4.744279,5.3315462262890865,4.8273493735757524,-2.2557210000000003,-1.6684537737109135,-2.1382675547421828,4.919333580667708,4.882328338517615,-2.2557210000000003,-1.6684537737109135,-2.117671661482385
iq,2009-08-27,5,6.5703273,1.4884345795248415,5.851481248553628,1.5703272999999998,-3.5115654204751587,0.553948755904969,5.055499706431646,5.375723043072273,1.5703272999999998,-3.5115654204751587,0.37572304307227267
iq,2009-09-03,2,7.0753293,3.401174809730898,6.555611235686563,5.0753293,1.401174809730898,4.34049840194618,5.980125030443457,6.211643103516261,5.0753293,1.401174809730898,4.211643103516261
iq,2009-09-10,2,7.3956933,6.7492687616747356,7.304254981150618,5.3956933,4.7492687616747356,5.266408392334947,7.203004909733619,7.2437378086621775,5.3956933,4.7492687616747356,5.2437378086621775
iq,2009-09-17,2,4.4870267,4.447020361934358,4.481367706445208,2.4870267000000004,2.4470203619343582,2.479025432386872,4.475101476829647,4.477622380706768,2.4870267000000004,2.4470203619343582,2.4776223807067677
iq,2009-09-24,0,3.0402656,2.0000000000000004,2.8931175077148934,3.0402656,2.0000000000000004,2.832212480000001,2.7301797477011345,2.7957296008261956,3.0402656,2.0000000000000004,2.7957296008261956
iq,2009-10-01,2,1.5857868,5.999999999999999,2.21018796381791,-0.41421320000000006,3.999999999999999,0.46862943999999995,2.9015902470724617,2.6234391413137916,-0.41421320000000006,3.999999999999999,0.6234391413137916
iq,2009-10-08,1,2.951562,7.6220153042813275,3.612208948079097,1.951562,6.6220153042813275,2.885652660856266,4.343746355110972,4.0494488909603765,1.951562,6.6220153042813275,3.0494488909603765
iq,2009-10-15,1,1.8618827,6.226488294864292,2.4792667477481753,0.8618827,5.226488294864292,1.7348038189728587,3.162898946073975,2.8878737451135907,0.8618827,5.226488294864292,1.8878737451135907
iq,2009-10-22,2,1.5599917,3.218615995868494,1.7946081296452536,-0.4400082999999999,1.2186159958684941,-0.10828344082630093,2.054399982296356,1.9498857322972807,-0.4400082999999999,1.2186159958684941,-0.05011426770271932
iq,2009-10-29,2,0.39726284,9.552606183736039,1.6923083622646105,-1.60273716,7.552606183736039,0.22833150874720776,3.1263182310762168,2.549416128871353,-1.60273716,7.552606183736039,0.549416128871353
iq,2009-11-05,3,2.5844502,9.552606183736039,3.5701127651677895,-0.41554979999999997,6.552606183736039,0.978081396747208,4.66154146127811,4.222459748601642,-0.41554979999999997,6.552606183736039,1.2224597486016417
iq,2009-11-12,9,3.2340238,4.085867272436824,3.354519125323263,-5.7659762,-4.914132727563176,-5.595607505512635,3.4879441537786864,3.434267271159694,-5.7659762,-4.914132727563176,-5.565732728840306
iq,2009-11-19,5,7.920921,5.391505893448221,7.563129098079736,2.920921,0.39150589344822073,2.4150379786896448,7.166944477914934,7.3263295318153805,2.920921,0.39150589344822073,2.3263295318153805
iq,2009-11-26,5,4.5301433,9.229887538417248,5.194933521757808,-0.46985670000000024,4.229887538417248,0.47009214768344965,5.931058794808533,5.634915632376166,-0.46985670000000024,4.229887538417248,0.634915632376166
iq,2009-12-03,4,5.4349623,16.244030608562657,6.963931229650658,1.4349622999999996,12.244030608562657,3.596775961712532,8.65696556437528,7.975857931819675,1.4349622999999996,12.244030608562657,3.975857931819675
iq,2009-12-10,4,9.090928,15.882639422399167,10.051632054000255,5.090928,11.882639422399167,6.449270284479834,11.11542407579313,10.687460595883707,5.090928,11.882639422399167,6.687460595883707
iq,2009-12-17,1,3.1240482,11.303490104029342,4.281050096568317,2.1240482,10.303490104029342,3.759936580805869,5.5622036231342395,5.046795620164524,2.1240482,10.303490104029342,4.046795620164524
iq,2009-12-24,0,3.108822,4.748010202854214,3.340689147146123,3.108822,4.748010202854214,3.4366596405708427,3.5974367066290522,3.494147175627136,3.108822,4.748010202854214,3.494147175627136
iq,2010-01-01,0,2.4399416,12.331348636096543,3.8391051168721226,2.4399416,12.331348636096543,4.418223007219309,5.388405320441196,4.765121922031861,2.4399416,12.331348636096543,4.765121922031861
iq,2010-01-08,10,7.7405963,41.561820411000554,12.524690483909174,-2.2594037,31.561820411000554,4.50484112220011,17.822139998311805,15.690976309936582,-2.2594037,31.561820411000554,5.690976309936582
iq,2010-01-15,9,8.282169,18.56850942111779,9.737196802094642,-0.7178310000000003,9.568509421117788,1.3394370842235581,11.34835578587332,10.700186603119752,-0.7178310000000003,9.568509421117788,1.700186603119752
iq,2010-01-22,17,8.250107,27.839323229542476,11.021049149329581,-8.749893,10.839323229542476,-4.8320497540915035,14.089326147883433,12.854958456899924,-8.749893,10.839323229542476,-4.145041543100076
iq,2010-01-29,16,13.53183,22.482146461665018,14.797873972502785,-2.4681700000000006,6.4821464616650175,-0.6781067076669949,16.199770291748536,15.635787469010804,-2.4681700000000006,6.4821464616650175,-0.3642125309891959
iq,2010-02-05,11,15.500461,28.423564533472028,17.328465339808343,4.500461,17.423564533472028,7.085081706694407,19.35262296087149,18.538304445927757,4.500461,17.423564533472028,7.538304445927757
iq,2010-02-12,12,12.503533,16.594627715915387,13.08222827051998,0.5035329999999991,4.5946277159153865,1.3217519431830773,13.723020207709268,13.465229641772101,0.5035329999999991,4.5946277159153865,1.4652296417721011
iq,2010-02-19,19,13.98487,19.43801880219795,14.756231124688005,-5.015129999999999,0.43801880219794853,-3.924500239560409,15.610362849174376,15.266745696926737,-5.015129999999999,0.43801880219794853,-3.733254303073263
iq,2010-02-26,15,13.172878,20.622078799224404,14.22658552109323,-1.8271219999999992,5.622078799224404,-0.33728184015511786,15.393360710158724,14.92396710694023,-1.8271219999999992,5.622078799224404,-0.07603289305976979
iq,2010-03-05,12,17.04786,13.616808486164613,16.56252944134959,5.04786,1.6168084861646133,4.361649697232924,16.025120679437098,16.241320198864088,5.04786,1.6168084861646133,4.241320198864088
iq,2010-03-12,12,16.69006,8.184610271785813,15.486943505968476,4.690059999999999,-3.8153897282141873,2.9889700543571625,14.15472707333353,14.690677680992795,4.690059999999999,-3.8153897282141873,2.6906776809927955
iq,2010-03-19,16,12.371924,3.718959169475282,11.147941136948646,-3.628076,-12.281040830524718,-5.358668966104943,9.792619277835422,10.337865197470961,-3.628076,-12.281040830524718,-5.662134802529039
iq,2010-03-26,9,15.927466,5.999999999999998,14.523201855222686,6.927466000000001,-3.0000000000000018,4.9419728,12.968253702892406,13.59380927082048,6.927466000000001,-3.0000000000000018,4.593809270820479
iq,2010-04-02,4,13.981408,5.747351372199808,12.816680718286236,9.981408,1.747351372199808,8.334596674439963,11.526972837183363,12.045822256577546,9.981408,1.747351372199808,8.045822256577546
iq,2010-04-09,9,13.130662,3.9768691590496834,11.835835800115175,4.130661999999999,-5.023130840950317,2.299903431809936,10.402068787984401,10.978873188958085,4.130661999999999,-5.023130840950317,1.9788731889580848
iq,2010-04-16,6,10.469677,1.599013142553854,9.214900081561433,4.469677000000001,-4.400986857446146,2.695544228510773,7.825479823151193,8.384443527206564,4.469677000000001,-4.400986857446146,2.384443527206564
iq,2010-04-23,8,8.6052065,3.853382217816326,7.9330494297312395,0.6052064999999995,-4.146617782183673,-0.34515835643673487,7.188766811409538,7.488191673457498,0.6052064999999995,-4.146617782183673,-0.5118083265425017
iq,2010-04-30,4,10.992501,1.359479584737642,9.62988675590942,6.992501000000001,-2.6405204152623583,5.065896716947529,8.121057730353428,8.72805957576773,6.992501000000001,-2.6405204152623583,4.72805957576773
iq,2010-05-07,2,8.609359,1.488434579524841,7.602086968915487,6.6093589999999995,-0.511565420475159,5.185174115904968,6.486730011711965,6.9354380626912615,6.6093589999999995,-0.511565420475159,4.9354380626912615
iq,2010-05-14,7,5.406016,0.8086350238301905,4.755705309969271,-1.5939839999999998,-6.19136497616981,-2.5134601952339617,4.035613289059442,4.3253062749160165,-1.5939839999999998,-6.19136497616981,-2.6746937250839835
iq,2010-05-21,6,9.54244,2.539219377106462,8.551817456574069,3.542439999999999,-3.460780622893538,2.141795875421293,7.4548965537042315,7.896187780899546,3.542439999999999,-3.460780622893538,1.8961877808995462
iq,2010-05-28,5,6.510666,1.8628640649665797,5.853223143041935,1.5106659999999996,-3.1371359350334203,0.5811056129933165,5.12523364085907,5.418103783057193,1.5106659999999996,-3.1371359350334203,0.41810378305719276
iq,2010-06-04,8,5.607685,1.488434579524841,5.025007036778354,-2.392315,-6.511565420475159,-3.2161650840950315,4.379805045625367,4.639369776062953,-2.392315,-6.511565420475159,-3.360630223937047
iq,2010-06-11,1,6.062946,0.39178597769842866,5.260746659441935,5.062946,-0.6082140223015713,3.9287139955396855,4.372467636552591,4.729822245328069,5.062946,-0.6082140223015713,3.7298222453280694
iq,2010-06-18,1,3.3661616,0.1797397923688209,2.915434506641737,2.3661616,-0.8202602076311791,1.728877238473764,2.4163423211514,2.617127083701191,2.3661616,-0.8202602076311791,1.6171270837011908
iq,2010-06-25,4,2.523017,1.2030393137246385,2.3363029546693377,-1.4769830000000002,-2.7969606862753613,-1.7409785372550721,2.1295536326982454,2.212728875120669,-1.4769830000000002,-2.7969606862753613,-1.787271124879331
